,mean,min,max,total,count
Science_Block,264.78811111111116,155.12,347.76,23830.930000000004,90
Cafeteria,174.08633333333333,100.29,237.89,15667.769999999999,90
Library,131.60555555555555,75.66,178.79,11844.5,90
Sports_Complex,159.19222222222223,92.83,213.18,14327.3,90
Admin_Building,87.40666666666667,52.17,119.63,7866.6,90
